loss,accuracy,val_loss,val_accuracy
1.2259949445724487,0.5103759765625,1.1056662797927856,0.603515625
0.9573348760604858,0.6435546875,0.9457335472106934,0.658203125
0.7944238185882568,0.7041015625,0.8610122799873352,0.6767578125
0.6826428771018982,0.75518798828125,0.8259463906288147,0.681640625
0.58852219581604,0.78631591796875,0.8515840768814087,0.6884765625
